<?xml version="1.0"?>
<psalm
    errorLevel="7"
    resolveFromConfigFile="true"
    xmlns:xsi="http://www.w3.org/2001/XMLSchema-instance"
    xmlns="https://getpsalm.org/schema/config"
    xsi:schemaLocation="https://getpsalm.org/schema/config vendor/vimeo/psalm/config.xsd"
    errorBaseline="psalm-baseline.xml"
    phpVersion="8.1"
>
    <projectFiles>
        <directory name="Command" />
        <directory name="DependencyInjection" />
        <directory name="Loader" />
        <directory name="Purger" />
        <directory name="Tests" />
        <file name="DoctrineFixturesBundle.php" />
        <file name="Fixture.php" />
        <file name="FixtureGroupInterface.php" />
        <file name="ORMFixtureInterface.php" />
        <ignoreFiles>
            <directory name="vendor" />
        </ignoreFiles>
    </projectFiles>
</psalm>
