{
    "active": true,
    "name": "Collections",
    "slug": "collections",
    "docsSlug": "doctrine-collections",
    "versions": [
        {
            "name": "3.0",
            "branchName": "3.0.x",
            "slug": "latest",
            "upcoming": true
        },
        {
            "name": "2.1",
            "branchName": "2.1.x",
            "slug": "stable",
            "current": true
        },
        {
            "name": "2.0",
            "branchName": "2.0.x",
            "slug": "2.0",
            "maintained": false
        },
        {
            "name": "1.8",
            "branchName": "1.8.x",
            "slug": "1.8"
        },
        {
            "name": "1.7",
            "branchName": "1.7.x",
            "slug": "1.7",
            "maintained": false
        },
        {
            "name": "1.6",
            "branchName": "1.6.x",
            "slug": "1.6",
            "maintained": false
        }
    ]
}
